﻿<?xml version="1.0" encoding="UTF-8"?>
<MobileAppInfo xmlns="http://v8.1c.ru/8.3/mobile-application/app" xmlns:xs="http://www.w3.org/2001/XMLSchema" xmlns:xsi="http://www.w3.org/2001/XMLSchema-instance" name="УчетДенежныхСредств" id="eddd66c0-8cf9-41cc-b517-9dc67f52ff59" lastUpdateUUID="811d95f7-d379-4e9a-ac46-9cb8ceb1f923" formatVersion="2" defaultLanguage="Language.Русский" version="1.3.1">
	<synonym>
		<item xmlns="http://v8.1c.ru/8.1/data/core">
			<lang>ru</lang>
			<content>Остатки и лимиты</content>
		</item>
	</synonym>
	<language name="Русский" id="a2e45361-6ee7-466a-b0dd-da1b72a5dba2" languageCode="ru">
		<synonym>
			<item xmlns="http://v8.1c.ru/8.1/data/core">
				<lang>ru</lang>
				<content>Русский</content>
			</item>
		</synonym>
	</language>
	<requiredPermission>
		<permission>Multimedia</permission>
		<use>false</use>
	</requiredPermission>
	<requiredPermission>
		<permission>Calendars</permission>
		<use>false</use>
	</requiredPermission>
	<requiredPermission>
		<permission>BackgroundAudioPlayback</permission>
		<use>false</use>
	</requiredPermission>
	<requiredPermission>
		<permission>Location</permission>
		<use>false</use>
	</requiredPermission>
	<requiredPermission>
		<permission>Contacts</permission>
		<use>false</use>
	</requiredPermission>
	<requiredPermission>
		<permission>BackgroundLocation</permission>
		<use>false</use>
	</requiredPermission>
	<requiredPermission>
		<permission>Telephony</permission>
		<use>false</use>
	</requiredPermission>
	<requiredPermission>
		<permission>PushNotification</permission>
		<use>false</use>
	</requiredPermission>
	<requiredPermission>
		<permission>LocalNotification</permission>
		<use>false</use>
	</requiredPermission>
	<requiredPermission>
		<permission>Print</permission>
		<use>false</use>
	</requiredPermission>
	<requiredPermission>
		<permission>InAppPurchases</permission>
		<use>false</use>
	</requiredPermission>
	<requiredPermission>
		<permission>Ads</permission>
		<use>false</use>
	</requiredPermission>
	<requiredPermission>
		<permission>FileExchangeWithPersonalComputer</permission>
		<use>false</use>
	</requiredPermission>
</MobileAppInfo>